{"cameraMode":{"drawMode":0,"name":"Shaded","section":"Shading Mode"},"sceneLighting":true,"audioPlay":false,"sceneViewState":{"m_AlwaysRefresh":false,"showFog":true,"showSkybox":true,"showFlares":true,"showImageEffects":true,"showParticleSystems":true,"showVisualEffectGraphs":true,"m_FxEnabled":true},"in2DMode":false,"pivot":{"x":-0.028582029044628145,"y":-1.0916399955749512,"z":2.3472065925598146},"rotation":{"x":-0.2938677966594696,"y":0.05644511431455612,"z":-0.017386849969625474,"w":-0.9540162086486816},"size":4.552989959716797,"orthographic":false}